about-summ	text/markdown; charset=utf-8	25329
home-summ	text/markdown; charset=utf-8	38043
cc-trunc	text/markdown; charset=utf-8	62198
cc-fn12	text/markdown; charset=utf-8	62198
ai-trunc	text/markdown; charset=utf-8	123780
ai-h2	text/markdown; charset=utf-8	123780
ai-ack	text/markdown; charset=utf-8	123780
ai-objx	text/markdown; charset=utf-8	123780
loc-trunc	text/markdown; charset=utf-8	167733
loc-h2	text/markdown; charset=utf-8	167733
loc-unplug	text/markdown; charset=utf-8	167733
loc-help	text/markdown; charset=utf-8	167733
pod-trunc	text/markdown; charset=utf-8	273537
search-md	text/markdown; charset=utf-8	815570
llms-txt	text/plain	870361
notfound	text/html; charset=UTF-8	93613
noslash	text/html; charset=UTF-8	0
oldslug	text/html; charset=UTF-8	0
http-plain	text/html; charset=UTF-8	528
latest-summ	text/markdown; charset=utf-8	80308
